instance,HMS,HMCR,PAR,mean_conflicts,std_conflicts,mean_time_ms,std_time_ms
queen9_9.col,5,0.7,0.1,72,3.35,25.43,3.53
queen9_9.col,5,0.7,0.3,71.2,4.21,24.86,0.44
queen9_9.col,5,0.7,0.5,70.4,5.64,25.33,0.58
queen9_9.col,5,0.8,0.1,67.6,2.94,24.75,0.5
queen9_9.col,5,0.8,0.3,71.8,4.77,27.68,3.29
queen9_9.col,5,0.8,0.5,72,4.65,26.0,0.83
queen9_9.col,5,0.9,0.1,60.8,4.49,24.72,0.54
queen9_9.col,5,0.9,0.3,68.2,3.52,25.66,0.56
queen9_9.col,5,0.9,0.5,71.6,6.8,26.02,0.72
queen9_9.col,10,0.7,0.1,72.4,4.08,25.4,1.11
queen9_9.col,10,0.7,0.3,71.2,7.0,25.31,1.35
queen9_9.col,10,0.7,0.5,69.2,7.55,27.71,7.61
queen9_9.col,10,0.8,0.1,68.2,7.51,25.24,2.02
queen9_9.col,10,0.8,0.3,71.8,6.29,24.66,0.37
queen9_9.col,10,0.8,0.5,71,5.88,28.4,1.18
queen9_9.col,10,0.9,0.1,69.4,4.48,26.46,1.04
queen9_9.col,10,0.9,0.3,69.8,5.4,27.16,0.84
queen9_9.col,10,0.9,0.5,70.6,4.48,29.02,2.74
queen9_9.col,20,0.7,0.1,75.6,4.54,29.45,0.83
queen9_9.col,20,0.7,0.3,73.4,4.1,27.83,0.91
queen9_9.col,20,0.7,0.5,74.2,4.04,28.67,0.65
queen9_9.col,20,0.8,0.1,73.2,3.82,27.49,0.61
queen9_9.col,20,0.8,0.3,72,5.66,27.94,0.66
queen9_9.col,20,0.8,0.5,72.6,6.2,29.72,0.79
queen9_9.col,20,0.9,0.1,70.6,4.82,28.07,1.38
queen9_9.col,20,0.9,0.3,74,2.97,28.27,1.02
queen9_9.col,20,0.9,0.5,70.8,4.49,28.91,1.0
flat300_20_0.col,5,0.7,0.1,989.7,12.33,233.14,12.02
flat300_20_0.col,5,0.7,0.3,990.3,10.52,235.72,5.42
flat300_20_0.col,5,0.7,0.5,990.2,10.78,257.98,10.32
flat300_20_0.col,5,0.8,0.1,985.4,12.27,239.7,12.21
flat300_20_0.col,5,0.8,0.3,989.7,11.48,250.58,14.78
flat300_20_0.col,5,0.8,0.5,983.6,10.5,257.69,22.18
flat300_20_0.col,5,0.9,0.1,957.7,14.26,239.55,11.19
flat300_20_0.col,5,0.9,0.3,984.9,9.51,237.25,5.83
flat300_20_0.col,5,0.9,0.5,989.9,5.45,243.9,21.31
flat300_20_0.col,10,0.7,0.1,991.6,9.84,253.1,13.53
flat300_20_0.col,10,0.7,0.3,995.2,9.86,256.55,20.49
flat300_20_0.col,10,0.7,0.5,995.3,11.67,247.64,6.49
flat300_20_0.col,10,0.8,0.1,992.2,12.69,260.19,18.65
flat300_20_0.col,10,0.8,0.3,994.2,6.71,259.74,13.35
flat300_20_0.col,10,0.8,0.5,996.3,6.45,265.73,20.82
flat300_20_0.col,10,0.9,0.1,975.9,12.26,267.11,26.25
flat300_20_0.col,10,0.9,0.3,992.6,12.09,267.79,18.54
flat300_20_0.col,10,0.9,0.5,991.6,8.27,263.37,16.09
flat300_20_0.col,20,0.7,0.1,991.1,9.1,274.59,17.13
flat300_20_0.col,20,0.7,0.3,994.2,12.47,275.29,11.59
flat300_20_0.col,20,0.7,0.5,994.3,9.69,275.59,14.16
flat300_20_0.col,20,0.8,0.1,993.3,7.18,271.3,15.8
flat300_20_0.col,20,0.8,0.3,998.6,11.15,280.29,16.02
flat300_20_0.col,20,0.8,0.5,989.3,14.18,293.86,35.66
flat300_20_0.col,20,0.9,0.1,992.4,7.32,289.27,33.21
flat300_20_0.col,20,0.9,0.3,991.4,13.26,275.05,17.34
flat300_20_0.col,20,0.9,0.5,991.1,5.61,282.15,19.86
DSJC500.5.col,5,0.7,0.1,2989.3,25.08,753.35,63.62
DSJC500.5.col,5,0.7,0.3,2992.4,22.06,727.76,114.1
DSJC500.5.col,5,0.7,0.5,3004.9,16.86,705.41,25.82
DSJC500.5.col,5,0.8,0.1,2971.3,18.22,683.01,16.5
DSJC500.5.col,5,0.8,0.3,2997.3,9.33,851.7,221.95
DSJC500.5.col,5,0.8,0.5,3009.4,17.09,777.8,62.44
DSJC500.5.col,5,0.9,0.1,2955.4,20.63,715.71,57.2
DSJC500.5.col,5,0.9,0.3,2986,25.76,685.33,20.34
DSJC500.5.col,5,0.9,0.5,2997.8,17.38,700.22,35.66
DSJC500.5.col,10,0.7,0.1,3004.2,17.81,841.77,74.36
DSJC500.5.col,10,0.7,0.3,2996.6,16.29,1084.53,156.34
DSJC500.5.col,10,0.7,0.5,3002.8,8.85,1121.93,203.89
DSJC500.5.col,10,0.8,0.1,2992.3,17.78,1140.45,134.11
DSJC500.5.col,10,0.8,0.3,3005.3,20.54,1214.25,196.95
DSJC500.5.col,10,0.8,0.5,3003.9,20.15,1276.85,179.08
DSJC500.5.col,10,0.9,0.1,2986.6,17.02,1165.37,169.87
DSJC500.5.col,10,0.9,0.3,2994.2,27.52,1161.54,178.49
DSJC500.5.col,10,0.9,0.5,3003.6,21.69,1092.87,181.6
DSJC500.5.col,20,0.7,0.1,3004.2,18.64,1252.22,125.42
DSJC500.5.col,20,0.7,0.3,2991.6,26.61,1190.65,166.62
DSJC500.5.col,20,0.7,0.5,3002.9,24.35,1226.96,200.71
DSJC500.5.col,20,0.8,0.1,3000.4,19.62,941.7,54.52
DSJC500.5.col,20,0.8,0.3,3007.2,8.22,891.34,33.37
DSJC500.5.col,20,0.8,0.5,3008.5,16.19,891.98,26.39
DSJC500.5.col,20,0.9,0.1,2994.5,16.77,967.2,106.72
DSJC500.5.col,20,0.9,0.3,2999.4,18.1,1293.92,162.08
DSJC500.5.col,20,0.9,0.5,2996.7,23.29,1323.35,234.32
